country,cover,director,genre,mark,playable,rank,rater,release_date,starring,title
美国,https://img2.doubanio.com/view/photo/s_ratio_poster/public/p480747492.jpg,导演: 弗兰克·德拉邦特 Frank Darabont,犯罪 剧情,9.7,[不可播放],1,2942075人评价,1994,主演: 蒂姆·罗宾斯 Tim Robbins /...,肖申克的救赎
中国大陆 中国香港,https://img1.doubanio.com/view/photo/s_ratio_poster/public/p2561716440.jpg,导演: 陈凯歌 Kaige Chen,剧情 爱情 同性,9.6,[不可播放],2,2173539人评价,1993,主演: 张国荣 Leslie Cheung / 张丰毅 Fengyi Zha...,霸王别姬
美国,https://img2.doubanio.com/view/photo/s_ratio_poster/public/p2372307693.jpg,导演: 罗伯特·泽米吉斯 Robert Zemeckis,剧情 爱情,9.5,[不可播放],3,2192990人评价,1994,主演: 汤姆·汉克斯 Tom Hanks / ...,阿甘正传
美国 墨西哥,https://img2.doubanio.com/view/photo/s_ratio_poster/public/p2896604953.jpg,导演: 詹姆斯·卡梅隆 James Cameron,剧情 爱情 灾难,9.5,[不可播放],4,2226635人评价,1997,主演: 莱昂纳多·迪卡普里奥 Leonardo...,泰坦尼克号
法国 美国,https://img2.doubanio.com/view/photo/s_ratio_poster/public/p511118051.jpg,导演: 吕克·贝松 Luc Besson,剧情 动作 犯罪,9.4,[不可播放],5,2325157人评价,1994,主演: 让·雷诺 Jean Reno / 娜塔莉·波特曼 ...,这个杀手不太冷
日本,https://img1.doubanio.com/view/photo/s_ratio_poster/public/p2557573348.jpg,导演: 宫崎骏 Hayao Miyazaki,剧情 动画 奇幻,9.4,[不可播放],6,2276651人评价,2001,主演: 柊瑠美 Rumi Hîragi / 入野自由 Miy...,千与千寻
意大利,https://img2.doubanio.com/view/photo/s_ratio_poster/public/p2578474613.jpg,导演: 罗伯托·贝尼尼 Roberto Benigni,剧情 喜剧 爱情 战争,9.5,[不可播放],7,1345124人评价,1997,主演: 罗伯托·贝尼尼 Roberto Beni...,美丽人生
美国 英国 加拿大,https://img1.doubanio.com/view/photo/s_ratio_poster/public/p2614988097.jpg,导演: 克里斯托弗·诺兰 Christopher Nolan,剧情 科幻 冒险,9.4,[不可播放],8,1881893人评价,2014,主演: 马修·麦康纳 Matthew Mc...,星际穿越
美国 英国,https://img9.doubanio.com/view/photo/s_ratio_poster/public/p513344864.jpg,导演: 克里斯托弗·诺兰 Christopher Nolan,剧情 科幻 悬疑 冒险,9.4,[不可播放],9,2097228人评价,2010,主演: 莱昂纳多·迪卡普里奥 Le...,盗梦空间
美国,https://img2.doubanio.com/view/photo/s_ratio_poster/public/p492406163.jpg,导演: 史蒂文·斯皮尔伯格 Steven Spielberg,剧情 历史 战争,9.5,[不可播放],10,1135882人评价,1993,主演: 连姆·尼森 Liam Neeson...,辛德勒的名单
美国,https://img2.doubanio.com/view/photo/s_ratio_poster/public/p479682972.jpg,导演: 彼得·威尔 Peter Weir,剧情 科幻,9.4,[不可播放],11,1745079人评价,1998,主演: 金·凯瑞 Jim Carrey / 劳拉·琳妮 Lau...,楚门的世界
美国 英国,https://img1.doubanio.com/view/photo/s_ratio_poster/public/p2587099240.jpg,导演: 莱塞·霍尔斯道姆 Lasse Hallström,剧情,9.4,[不可播放],12,1415553人评价,2009,主演: 理查·基尔 Richard Ger...,忠犬八公的故事
意大利,https://img9.doubanio.com/view/photo/s_ratio_poster/public/p2574551676.jpg,导演: 朱塞佩·托纳多雷 Giuseppe Tornatore,剧情 音乐,9.3,[不可播放],13,1700602人评价,1998,主演: 蒂姆·罗斯 Tim Roth / ...,海上钢琴师
印度,https://img2.doubanio.com/view/photo/s_ratio_poster/public/p579729551.jpg,导演: 拉库马·希拉尼 Rajkumar Hirani,剧情 喜剧 爱情 歌舞,9.2,[不可播放],14,1883817人评价,2009,主演: 阿米尔·汗 Aamir Khan / 卡...,三傻大闹宝莱坞
法国 瑞士 德国,https://img1.doubanio.com/view/photo/s_ratio_poster/public/p2884280708.jpg,导演: 克里斯托夫·巴拉蒂 Christophe Barratier,剧情 音乐,9.3,[不可播放],15,1331474人评价,2004,主演: 让-巴蒂斯特·莫尼...,放牛班的春天
美国,https://img2.doubanio.com/view/photo/s_ratio_poster/public/p1461851991.jpg,导演: 安德鲁·斯坦顿 Andrew Stanton,科幻 动画 冒险,9.3,[不可播放],16,1335473人评价,2008,主演: 本·贝尔特 Ben Burtt / 艾丽...,机器人总动员
美国,https://img2.doubanio.com/view/photo/s_ratio_poster/public/p2896589742.jpg,导演: 拜伦·霍华德 Byron Howard / 瑞奇·摩尔 Rich Moore,喜剧 动画 冒险,9.2,[不可播放],17,1974351人评价,2016,主演: 金妮弗·...,疯狂动物城
中国香港,https://img2.doubanio.com/view/photo/s_ratio_poster/public/p2564556863.jpg,导演: 刘伟强 / 麦兆辉,剧情 犯罪 惊悚,9.3,[不可播放],18,1387511人评价,2002,主演: 刘德华 Andy Lau / 梁朝伟 Tony Leung Chiu W...,无间道
美国,https://img1.doubanio.com/view/photo/s_ratio_poster/public/p1505392928.jpg,导演: 比利·怀尔德 Billy Wilder,剧情 犯罪 悬疑,9.6,[不可播放],19,577534人评价,1957,主演: 泰隆·鲍华 Tyrone Power / 玛琳·...,控方证人
中国香港 中国大陆,https://img9.doubanio.com/view/photo/s_ratio_poster/public/p2455050536.jpg,导演: 刘镇伟 Jeffrey Lau,喜剧 爱情 奇幻 古装,9.2,[不可播放],20,1554641人评价,1995,主演: 周星驰 Stephen Chow / 吴孟达 Man Tat Ng...,大话西游之大圣娶亲
韩国,https://img9.doubanio.com/view/photo/s_ratio_poster/public/p1363250216.jpg,导演: 黄东赫 Dong-hyuk Hwang,剧情,9.4,[不可播放],21,944014人评价,2011,主演: 孔侑 Yoo Gong / 郑有美 Yu-mi Jung /...,熔炉
美国,https://img9.doubanio.com/view/photo/s_ratio_poster/public/p616779645.jpg,导演: 弗朗西斯·福特·科波拉 Francis Ford Coppola,剧情 犯罪,9.3,[不可播放],22,983635人评价,1972,主演: 马龙·白兰度 M...,教父
法国,https://img9.doubanio.com/view/photo/s_ratio_poster/public/p1454261925.jpg,导演: 奥利维·那卡什 Olivier Nakache / 艾力克·托兰达 Eric Toledano,剧情 喜剧,9.3,[不可播放],23,1136934人评价,2011,主...,触不可及
美国,https://img9.doubanio.com/view/photo/s_ratio_poster/public/p2614359276.jpg,导演: 加布里尔·穆奇诺 Gabriele Muccino,剧情 传记 家庭,9.2,[不可播放],24,1540979人评价,2006,主演: 威尔·史密斯 Will Smith ...,当幸福来敲门
英国 意大利 中国大陆 法国,https://img2.doubanio.com/view/photo/s_ratio_poster/public/p452089833.jpg,导演: 贝纳尔多·贝托鲁奇 Bernardo Bertolucci,剧情 传记 历史,9.3,[不可播放],25,902663人评价,1987,主演: 尊龙 John Lone / 陈...,末代皇帝
美国,https://img1.doubanio.com/view/photo/s_ratio_poster/public/p2896589968.jpg,导演: 李·昂克里奇 Lee Unkrich / 阿德里安·莫利纳 Adrian Molina,喜剧 动画 奇幻 音乐,9.1,[不可播放],26,1714283人评价,2017,主演: ...,寻梦环游记
日本,https://img9.doubanio.com/view/photo/s_ratio_poster/public/p2540924496.jpg,导演: 宫崎骏 Hayao Miyazaki,动画 奇幻 冒险,9.2,[不可播放],27,1284266人评价,1988,主演: 日高法子 Noriko Hidaka / 坂本千夏 Ch...,龙猫
美国,https://img1.doubanio.com/view/photo/s_ratio_poster/public/p501177648.jpg,导演: 罗伯·莱纳 Rob Reiner,剧情 喜剧 爱情,9.1,[不可播放],28,1859628人评价,2010,主演: 玛德琳·卡罗尔 Madeline Carroll / 卡...,怦然心动
中国大陆 中国香港,https://img1.doubanio.com/view/photo/s_ratio_poster/public/p2597919477.jpg,导演: 张艺谋 Yimou Zhang,剧情 历史 家庭,9.3,[不可播放],29,861027人评价,1994,主演: 葛优 You Ge / 巩俐 Li Gong / 姜武 Wu Jiang,活着
美国 英国,https://img9.doubanio.com/view/photo/s_ratio_poster/public/p2614949805.jpg,导演: Chris Columbus,奇幻 冒险,9.2,[不可播放],30,1215409人评价,2001,主演: Daniel Radcliffe / Emma Watson / Rupert Grint,哈利·波特与魔法石
美国 英国,https://img2.doubanio.com/view/photo/s_ratio_poster/public/p462657443.jpg,导演: 克里斯托弗·诺兰 Christopher Nolan,剧情 动作 科幻 犯罪 惊悚,9.2,[不可播放],31,1078257人评价,2008,主演: 克里斯蒂安·贝尔 Christ...,蝙蝠侠：黑暗骑士
美国 新西兰,https://img2.doubanio.com/view/photo/s_ratio_poster/public/p2642829472.jpg,导演: 彼得·杰克逊 Peter Jackson,剧情 动作 奇幻 冒险,9.3,[不可播放],32,816174人评价,2003,主演: 伊利亚·伍德 Elijah Wood / 西恩...,指环王3：王者无敌
中国大陆,https://img9.doubanio.com/view/photo/s_ratio_poster/public/p2561305376.jpg,导演: 文牧野 Muye Wen,剧情 喜剧,9.0,[不可播放],33,2135509人评价,2018,主演: 徐峥 Zheng Xu / 王传君 Chuanjun Wang / 周...,我不是药神
美国,https://img1.doubanio.com/view/photo/s_ratio_poster/public/p1963126880.jpg,导演: 维克多·弗莱明 Victor Fleming / 乔治·库克 George Cukor,剧情 历史 爱情 战争,9.3,[不可播放],34,702420人评价,1939,主演: 费...,乱世佳人
美国,https://img1.doubanio.com/view/photo/s_ratio_poster/public/p2896589700.jpg,导演: 彼特·道格特 Pete Docter / 鲍勃·彼德森 Bob Peterson,剧情 喜剧 动画 冒险,9.1,[不可播放],35,1346286人评价,2009,主演: 爱德...,飞屋环游记
韩国,https://img9.doubanio.com/view/photo/s_ratio_poster/public/p2118532944.jpg,导演: 李濬益 Jun-ik Lee,剧情,9.3,[不可播放],36,697745人评价,2013,主演: 薛景求 Kyung-gu Sol / 严志媛 Ji-won Uhm ...,素媛
日本,https://img1.doubanio.com/view/photo/s_ratio_poster/public/p2174346180.jpg,导演: 宫崎骏 Hayao Miyazaki,动画 奇幻 冒险,9.1,[不可播放],37,1043689人评价,2004,主演: 倍赏千惠子 Chieko Baishô / 木村拓...,哈尔的移动城堡
美国,https://img2.doubanio.com/view/photo/s_ratio_poster/public/p2173577632.jpg,导演: Sidney Lumet,剧情,9.4,[不可播放],38,500362人评价,1957,主演: 亨利·方达 Henry Fonda / 马丁·鲍尔萨姆 Marti...,十二怒汉
黎巴嫩 美国 法国 塞浦路斯 卡塔尔 英国,https://img1.doubanio.com/view/photo/s_ratio_poster/public/p2555295759.jpg,导演: 娜丁·拉巴基 Nadine Labaki,剧情,9.1,[不可播放],39,1060137人评价,2018,主演: 扎因·拉费阿 Zain al-Rafeea / ...,何以为家
印度,https://img1.doubanio.com/view/photo/s_ratio_poster/public/p2401676338.jpg,导演: 涅提·蒂瓦里 Nitesh Tiwari,剧情 传记 运动 家庭,9.0,[不可播放],40,1590422人评价,2016,主演: 阿米尔·汗 Aamir Khan / 法缇玛...,摔跤吧！爸爸
中国大陆 中国香港,https://img1.doubanio.com/view/photo/s_ratio_poster/public/p1512562287.jpg,导演: 姜文 Wen Jiang,剧情 喜剧 动作 西部,9.0,[不可播放],41,1724984人评价,2010,主演: 姜文 Wen Jiang / 葛优 You Ge / 周润发 Yun-F...,让子弹飞
美国 加拿大,https://img2.doubanio.com/view/photo/s_ratio_poster/public/p453924541.jpg,导演: 史蒂文·斯皮尔伯格 Steven Spielberg,传记 犯罪 剧情,9.1,[不可播放],42,1047119人评价,2002,主演: 莱昂纳多·迪卡普里奥 L...,猫鼠游戏
日本,https://img1.doubanio.com/view/photo/s_ratio_poster/public/p2892380420.jpg,导演: 宫崎骏 Hayao Miyazaki,动画 奇幻 冒险,9.2,[不可播放],43,890343人评价,1986,主演: 田中真弓 Mayumi Tanaka / 横泽启子 Ke...,天空之城
中国大陆,https://img1.doubanio.com/view/photo/s_ratio_poster/public/p2553104888.jpg,导演: 姜文 Wen Jiang,剧情 喜剧,9.3,[不可播放],44,636700人评价,2000,主演: 姜文 Wen Jiang / 香川照之 Teruyuki Kagawa /...,鬼子来了
美国 中国台湾 英国 加拿大,https://img9.doubanio.com/view/photo/s_ratio_poster/public/p2896590696.jpg,导演: 李安 Ang Lee,剧情 奇幻 冒险,9.1,[不可播放],45,1366587人评价,2012,主演: 苏拉·沙玛 Suraj Sharma / 伊尔凡·可汗 Irrfan...,少年派的奇幻漂流
德国 瑞士,https://img9.doubanio.com/view/photo/s_ratio_poster/public/p2554525534.jpg,导演: 阿兰·葛斯彭纳 Alain Gsponer,剧情 冒险 家庭,9.3,[不可播放],46,633036人评价,2015,主演: 阿努克·斯特芬 Anuk Steffen /...,海蒂和爷爷
英国 法国 波兰 德国,https://img2.doubanio.com/view/photo/s_ratio_poster/public/p1381339291.jpg,导演: 罗曼·波兰斯基 Roman Polanski,剧情 传记 战争 音乐,9.3,[不可播放],47,653696人评价,2002,主演: 艾德里安·布洛迪 Adrien Brod...,钢琴家
中国香港 中国大陆,https://img2.doubanio.com/view/photo/s_ratio_poster/public/p2561721372.jpg,导演: 刘镇伟 Jeffrey Lau,喜剧 爱情 奇幻 古装,9.0,[不可播放],48,1237912人评价,1995,主演: 周星驰 Stephen Chow / 吴孟达 Man Tat Ng...,大话西游之月光宝盒
美国 新西兰,https://img9.doubanio.com/view/photo/s_ratio_poster/public/p2640236255.jpg,导演: 彼得·杰克逊 Peter Jackson,剧情 动作 奇幻 冒险,9.2,[不可播放],49,765806人评价,2002,主演: 伊利亚·伍德 Elijah Wood / 西恩...,指环王2：双塔奇兵
美国,https://img1.doubanio.com/view/photo/s_ratio_poster/public/p2550757929.jpg,导演: 马丁·布莱斯 Martin Brest,剧情,9.1,[不可播放],50,902287人评价,1992,主演: 阿尔·帕西诺 Al Pacino / 克里斯...,闻香识女人
美国,https://img1.doubanio.com/view/photo/s_ratio_poster/public/p2575465690.jpg,导演: 彼得·威尔 Peter Weir,剧情,9.2,[不可播放],51,742156人评价,1989,主演: 罗宾·威廉姆斯 Robin Williams / 罗伯...,死亡诗社
美国 中国大陆,https://img2.doubanio.com/view/photo/s_ratio_poster/public/p2531065411.jpg,导演: 彼得·法雷里 Peter Farrelly,剧情 喜剧 传记 音乐,8.9,[不可播放],52,1676567人评价,2018,主演: 维果·莫腾森 Viggo Mortensen /...,绿皮书
美国,https://img9.doubanio.com/view/photo/s_ratio_poster/public/p2189265085.jpg,导演: 威廉·惠勒 William Wyler,喜剧 剧情 爱情,9.1,[不可播放],53,962336人评价,1953,主演: 奥黛丽·赫本 Audrey Hepburn / 格...,罗马假日
中国大陆,https://img1.doubanio.com/view/photo/s_ratio_poster/public/p2184505167.jpg,导演: 万籁鸣 Laiming Wan,剧情 动画 奇幻 古装,9.4,[不可播放],54,446397人评价,1961(中国大陆) / 1964(中国大陆) / 1978(中国大陆),主演: 邱岳峰 Yuefeng Qiu / 富润生 Runsheng Fu...,大闹天宫
意大利 法国,https://img1.doubanio.com/view/photo/s_ratio_poster/public/p2653054340.jpg,导演: 朱塞佩·托纳多雷 Giuseppe Tornatore,剧情 爱情,9.2,[不可播放],55,686464人评价,1988,主演: 菲利普·努瓦雷 Philipp...,天堂电影院
新西兰 美国,https://img9.doubanio.com/view/photo/s_ratio_poster/public/p2197698335.jpg,导演: 彼得·杰克逊 Peter Jackson,剧情 动作 奇幻 冒险,9.1,[不可播放],56,860580人评价,2001,主演: 伊利亚·伍德 Elijah Wood / 西恩...,指环王1：护戒使者
美国,https://img1.doubanio.com/view/photo/s_ratio_poster/public/p451926968.jpg,导演: 安迪·沃卓斯基 Andy Wachowski / 拉娜·沃卓斯基 Lana Wachowski,动作 科幻,9.1,[不可播放],57,849940人评价,1999,主...,黑客帝国
美国,https://img1.doubanio.com/view/photo/s_ratio_poster/public/p2194138787.jpg,导演: 弗朗西斯·福特·科波拉 Francis Ford Coppola,剧情 犯罪,9.3,[不可播放],58,562411人评价,1974,主演: 阿尔·帕西诺 A...,教父2
美国,https://img9.doubanio.com/view/photo/s_ratio_poster/public/p2896590826.jpg,导演: Roger Allers / 罗伯·明可夫 Rob Minkoff,动画 冒险 歌舞,9.1,[不可播放],59,856805人评价,1994,主演: 乔纳森·泰勒·托马...,狮子王
韩国,https://img9.doubanio.com/view/photo/s_ratio_poster/public/p2158166535.jpg,导演: 杨宇硕 Woo-seok Yang,剧情,9.2,[不可播放],60,596131人评价,2013,主演: 宋康昊 Kang-ho Song / 金英爱 Yeong-ae...,辩护人
中国台湾 美国,https://img2.doubanio.com/view/photo/s_ratio_poster/public/p1910899751.jpg,导演: 李安 Ang Lee,剧情 家庭,9.2,[不可播放],61,631540人评价,1994,主演: 郎雄 Sihung Lung / 杨贵媚 Kuei-Mei Yang / 吴...,饮食男女
美国,https://img2.doubanio.com/view/photo/s_ratio_poster/public/p1910931622.jpg,导演: 大卫·芬奇 David Fincher,剧情 动作 悬疑 惊悚,9.0,[不可播放],62,858606人评价,1999,主演: 爱德华·诺顿 Edward Norton / 布拉...,搏击俱乐部
美国,https://img2.doubanio.com/view/photo/s_ratio_poster/public/p2192535722.jpg,导演: 大卫·芬奇 David Fincher,剧情 爱情 奇幻,9.0,[不可播放],63,998101人评价,2008,主演: 凯特·布兰切特 Cate Blanchett / ...,本杰明·巴顿奇事
美国,https://img1.doubanio.com/view/photo/s_ratio_poster/public/p1665997400.jpg,导演: 朗·霍华德 Ron Howard,传记 剧情,9.1,[不可播放],64,779657人评价,2001,主演: 罗素·克劳 Russell Crowe / 艾德·哈...,美丽心灵
英国 美国,https://img2.doubanio.com/view/photo/s_ratio_poster/public/p1473670352.jpg,导演: 马克·赫尔曼 Mark Herman,剧情 战争,9.2,[不可播放],65,575622人评价,2008,主演: 阿萨·巴特菲尔德 Asa Butterfield ...,穿条纹睡衣的男孩
德国,https://img1.doubanio.com/view/photo/s_ratio_poster/public/p1808872109.jpg,导演: 弗洛里安·亨克尔·冯·多纳斯马尔克 Florian Henckel von Donnersmarck  &n...,剧情 悬疑,9.2,[不可播放],66,572524人评价,2006,导演: 弗洛里安·亨克尔·冯·多纳斯马尔克 Florian Henckel von Donnersmarck  &n...,窃听风暴
日本,https://img1.doubanio.com/view/photo/s_ratio_poster/public/p2648230660.jpg,导演: 岩井俊二 Shunji Iwai,剧情 爱情,8.9,[不可播放],67,1132886人评价,1995,主演: 中山美穗 Miho Nakayama / 丰川悦司 Ets...,情书
英国,https://img1.doubanio.com/view/photo/s_ratio_poster/public/p792443418.jpg,导演: 盖·里奇 Guy Ritchie,剧情 喜剧 犯罪,9.1,[不可播放],68,602846人评价,1998,主演: 杰森·弗莱明 Jason Flemyng / 德克斯特...,两杆大烟枪
意大利 美国,https://img1.doubanio.com/view/photo/s_ratio_poster/public/p2441988159.jpg,导演: 朱塞佩·托纳多雷 Giuseppe Tornatore,剧情 战争 情色,8.9,[不可播放],69,989193人评价,2000,主演: 莫妮卡·贝鲁奇 Monica ...,西西里的美丽传说
西班牙,https://img9.doubanio.com/view/photo/s_ratio_poster/public/p2498971355.jpg,导演: 奥里奥尔·保罗 Oriol Paulo,剧情 犯罪 悬疑 惊悚,8.8,[不可播放],70,1290229人评价,2016,主演: 马里奥·卡萨斯 Mario Casas / 阿...,看不见的客人
美国,https://img1.doubanio.com/view/photo/s_ratio_poster/public/p453788577.jpg,导演: 罗伯特·怀斯 Robert Wise,剧情 传记 爱情 歌舞,9.1,[不可播放],71,611891人评价,1965,主演: 朱莉·安德鲁斯 Julie Andrews / 克...,音乐之声
美国,https://img1.doubanio.com/view/photo/s_ratio_poster/public/p2896589067.jpg,导演: 詹姆斯·卡梅隆 James Cameron,动作 科幻 冒险,8.8,[不可播放],72,1440357人评价,2009,主演: 萨姆·沃辛顿 Sam Worthington ...,阿凡达
美国,https://img9.doubanio.com/view/photo/s_ratio_poster/public/p1014542496.jpg,导演: 史蒂文·斯皮尔伯格 Steven Spielberg,剧情 战争,9.1,[不可播放],73,656533人评价,1998,主演: 汤姆·汉克斯 Tom Hanks...,拯救大兵瑞恩
美国 英国,https://img2.doubanio.com/view/photo/s_ratio_poster/public/p917846733.jpg,导演: 大卫·叶茨 David Yates,奇幻 冒险,9.0,[不可播放],74,846655人评价,2011,主演: 丹尼尔·雷德克里夫 Daniel Radcliffe...,哈利·波特与死亡圣器(下)
美国,https://img1.doubanio.com/view/photo/s_ratio_poster/public/p792238287.jpg,导演: 米洛斯·福尔曼 Miloš Forman,剧情,9.1,[不可播放],75,553998人评价,1975,主演: 杰克·尼科尔森 Jack Nichols...,飞越疯人院
伊朗,https://img9.doubanio.com/view/photo/s_ratio_poster/public/p2165511465.jpg,导演: 马基德·马基迪 Majid Majidi,剧情 儿童 家庭,9.2,[不可播放],76,417364人评价,1997,主演: 默罕默德·阿米尔·纳吉 Mohamma...,小鞋子
美国,https://img1.doubanio.com/view/photo/s_ratio_poster/public/p1593414327.jpg,导演: 乔纳森·戴米 Jonathan Demme,剧情 犯罪 惊悚,8.9,[不可播放],77,904158人评价,1991,主演: 朱迪·福斯特 Jodie Foster / 安...,沉默的羔羊
美国 德国 英国,https://img9.doubanio.com/view/photo/s_ratio_poster/public/p2896589466.jpg,导演: 韦斯·安德森 Wes Anderson,剧情 喜剧 冒险,8.9,[不可播放],78,954865人评价,2014,主演: 拉尔夫·费因斯 Ralph Fiennes / ...,布达佩斯大饭店
中国大陆 中国香港,https://img1.doubanio.com/view/photo/s_ratio_poster/public/p2219011938.jpg,导演: 周星驰 Stephen Chow,动作 喜剧 犯罪 奇幻,8.8,[不可播放],79,1156177人评价,2004,主演: 周星驰 Stephen Chow / 元秋 Qiu Yuen / ...,功夫
美国,https://img1.doubanio.com/view/photo/s_ratio_poster/public/p450262388.jpg,导演: Martin Scorsese,剧情 悬疑 惊悚,8.9,[不可播放],80,993944人评价,2010,主演: 莱昂纳多·迪卡普里奥 Leonardo DiCaprio / ...,禁闭岛
美国 加拿大,https://img1.doubanio.com/view/photo/s_ratio_poster/public/p2209066019.jpg,导演: 埃里克·布雷斯 Eric Bress / J·麦基·格鲁伯 J. Mackye Gruber,剧情 悬疑 科幻 惊悚,8.9,[不可播放],81,952965人评价,2004,主...,蝴蝶效应
英国 美国,https://img9.doubanio.com/view/photo/s_ratio_poster/public/p480383375.jpg,导演: 克里斯托弗·诺兰 Christopher Nolan,剧情 悬疑 惊悚,8.9,[不可播放],82,874136人评价,2006,主演: 休·杰克曼 Hugh Jackman...,致命魔术
英国 美国,https://img1.doubanio.com/view/photo/s_ratio_poster/public/p1910812549.jpg,导演: Alfonso Cuarón,奇幻 冒险,8.9,[不可播放],83,746867人评价,2004,主演: 丹尼尔·雷德克里夫 Daniel Radcliffe / Emma...,哈利·波特与阿兹卡班的囚徒
美国,https://img9.doubanio.com/view/photo/s_ratio_poster/public/p480965695.jpg,导演: 格斯·范·桑特 Gus Van Sant,剧情,8.9,[不可播放],84,725984人评价,1997,主演: 马特·达蒙 Matt Damon / 罗宾·...,心灵捕手
美国,https://img2.doubanio.com/view/photo/s_ratio_poster/public/p1305562621.jpg,导演: 托尼·凯耶 Tony Kaye,剧情,9.0,[不可播放],85,615583人评价,2011,主演: 艾德里安·布洛迪 Adrien Brody / 马西...,超脱
美国,https://img1.doubanio.com/view/photo/s_ratio_poster/public/p2559579779.jpg,导演: 路易·西霍尤斯 Louie Psihoyos,纪录片,9.3,[不可播放],86,360535人评价,2009,主演: 路易·西霍尤斯 Louie Psihoyo...,海豚湾
美国,https://img2.doubanio.com/view/photo/s_ratio_poster/public/p1910902213.jpg,导演: 昆汀·塔伦蒂诺 Quentin Tarantino,剧情 喜剧 犯罪,8.9,[不可播放],87,847724人评价,1994,主演: 约翰·特拉沃尔塔 John Tra...,低俗小说
中国香港 日本 韩国,https://img2.doubanio.com/view/photo/s_ratio_poster/public/p465939041.jpg,导演: 王家卫 Kar Wai Wong,剧情 爱情 同性,9.0,[不可播放],88,641537人评价,1997,主演: 张国荣 Leslie Cheung / 梁朝伟 Tony Leu...,春光乍泄
美国,https://img1.doubanio.com/view/photo/s_ratio_poster/public/p2263408369.jpg,导演: 查理·卓别林 Charles Chaplin,剧情 喜剧 爱情,9.3,[不可播放],89,306621人评价,1936,主演: 查理·卓别林 Charles Chaplin ...,摩登时代
美国 意大利,https://img1.doubanio.com/view/photo/s_ratio_poster/public/p477229647.jpg,导演: 赛尔乔·莱翁内 Sergio Leone,犯罪 剧情,9.2,[不可播放],90,418317人评价,1984,主演: 罗伯特·德尼罗 Robert De Niro ...,美国往事
中国香港,https://img1.doubanio.com/view/photo/s_ratio_poster/public/p2579932167.jpg,导演: 周星驰 Stephen Chow / 李力持 Lik-Chi Lee,喜剧 剧情 爱情,8.8,[不可播放],91,984521人评价,1999,主演: 周星驰 Stephen Ch...,喜剧之王
美国,https://img9.doubanio.com/view/photo/s_ratio_poster/public/p2558364386.jpg,导演: 詹姆斯·曼高德 James Mangold,剧情 悬疑 惊悚,8.9,[不可播放],92,839332人评价,2003,主演: 约翰·库萨克 John Cusack / 雷...,致命ID
韩国,https://img1.doubanio.com/view/photo/s_ratio_poster/public/p1633113220.jpg,导演: 奉俊昊 Joon-ho Bong,剧情 动作 犯罪 悬疑 惊悚,8.9,[不可播放],93,728348人评价,2003,主演: 宋康昊 Kang-ho Song / 金相庆 Sang-kyun...,杀人回忆
美国,https://img9.doubanio.com/view/photo/s_ratio_poster/public/p2219586434.jpg,导演: 大卫·芬奇 David Fincher,剧情 犯罪 悬疑 惊悚,8.8,[不可播放],94,955010人评价,1995,主演: 摩根·弗里曼 Morgan Freeman / 布...,七宗罪
日本,https://img1.doubanio.com/view/photo/s_ratio_poster/public/p456825720.jpg,导演: 今敏 Satoshi Kon,动画 悬疑 科幻 惊悚,9.1,[不可播放],95,475707人评价,2006,主演: 林原惠美 Megumi Hayashibara / 江守彻 Toru...,红辣椒
美国,https://img9.doubanio.com/view/photo/s_ratio_poster/public/p2896589545.jpg,导演: 戈尔·维宾斯基 Gore Verbinski,动作 冒险 奇幻,8.8,[不可播放],96,871978人评价,2003,主演: 约翰尼·德普 Johnny Depp / ...,加勒比海盗
英国 美国,https://img1.doubanio.com/view/photo/s_ratio_poster/public/p1082651990.jpg,导演: Chris Columbus,奇幻 冒险,8.9,[不可播放],97,774131人评价,2002,主演: 丹尼尔·雷德克里夫 Daniel Radcliffe / 艾玛...,哈利·波特与密室
中国台湾 日本,https://img2.doubanio.com/view/photo/s_ratio_poster/public/p2567845803.jpg,导演: 杨德昌 Edward Yang,剧情 爱情 家庭,9.1,[不可播放],98,403640人评价,2000,主演: 吴念真 / 李凯莉 Kelly Lee / 金燕玲 Elai...,一一
丹麦 瑞典,https://img1.doubanio.com/view/photo/s_ratio_poster/public/p1546987967.jpg,导演: 托马斯·温特伯格 Thomas Vinterberg,剧情,9.1,[不可播放],99,399529人评价,2012,主演: 麦斯·米科尔森 Mads Mik...,狩猎
中国香港,https://img9.doubanio.com/view/photo/s_ratio_poster/public/p2357915564.jpg,导演: 李力持 Lik-Chi Lee,喜剧 爱情 古装,8.7,[不可播放],100,1096797人评价,1993,主演: 周星驰 Stephen Chow / 巩俐 Li Gong / 陈...,唐伯虎点秋香
韩国,https://img9.doubanio.com/view/photo/s_ratio_poster/public/p1816276065.jpg,导演: 李焕庆 Hwan-kyeong Lee,剧情 喜剧 家庭,8.9,[不可播放],101,565402人评价,2013,主演: 柳承龙 Seung-yong Ryoo / 朴信惠 Shi...,7号房的礼物
日本,https://img9.doubanio.com/view/photo/s_ratio_poster/public/p884763596.jpg,导演: 中岛哲也 Tetsuya Nakashima,剧情 歌舞,8.9,[不可播放],102,711750人评价,2006,主演: 中谷美纪 Miki Nakatani / 瑛太 E...,被嫌弃的松子的一生
意大利 法国 巴西 美国,https://img1.doubanio.com/view/photo/s_ratio_poster/public/p2505525050.jpg,导演: 卢卡·瓜达尼诺 Luca Guadagnino,剧情 爱情 同性,8.8,[不可播放],103,733736人评价,2017,主演: 艾米·汉莫 Armie Hammer / ...,请以你的名字呼唤我
美国 英国,https://img9.doubanio.com/view/photo/s_ratio_poster/public/p1706428744.jpg,导演: 克里斯托弗·诺兰 Christopher Nolan,剧情 动作 科幻 犯罪 惊悚,8.8,[不可播放],104,734047人评价,2012,主演: 克里斯蒂安·贝尔 Christ...,蝙蝠侠：黑暗骑士崛起
美国 加拿大,https://img1.doubanio.com/view/photo/s_ratio_poster/public/p2604889017.jpg,导演: 李安 Ang Lee,剧情 爱情 同性 家庭,8.8,[不可播放],105,715170人评价,2005,主演: 希斯·莱杰 Heath Ledger / 杰克·吉伦哈尔 Jake...,断背山
美国 奥地利 瑞士,https://img9.doubanio.com/view/photo/s_ratio_poster/public/p2555762374.jpg,导演: 理查德·林克莱特 Richard Linklater,剧情 爱情,8.8,[不可播放],106,696203人评价,1995,主演: 伊桑·霍克 Ethan Hawke ...,爱在黎明破晓前
美国,https://img1.doubanio.com/view/photo/s_ratio_poster/public/p2896589720.jpg,导演: 蒂姆·波顿 Tim Burton,剧情 奇幻 爱情,8.7,[不可播放],107,1045836人评价,1990,主演: 约翰尼·德普 Johnny Depp / 薇诺娜·...,剪刀手爱德华
日本,https://img9.doubanio.com/view/photo/s_ratio_poster/public/p2707581855.jpg,导演: 泷田洋二郎 Yôjirô Takita,剧情,8.9,[不可播放],108,677005人评价,2008,主演: 本木雅弘 Masahiro Motoki / ...,入殓师
美国,https://img9.doubanio.com/view/photo/s_ratio_poster/public/p2220184425.jpg,导演: M·奈特·沙马兰 M. Night Shyamalan,剧情 悬疑 惊悚,8.9,[不可播放],109,564703人评价,1999,主演: 布鲁斯·威利斯 Bruce Wi...,第六感
中国香港,https://img2.doubanio.com/view/photo/s_ratio_poster/public/p792381411.jpg,导演: 王家卫 Kar Wai Wong,剧情 爱情,8.8,[不可播放],110,823789人评价,1994,主演: 林青霞 Brigitte Lin / 金城武 Takeshi K...,重庆森林
美国,https://img1.doubanio.com/view/photo/s_ratio_poster/public/p2004174709.jpg,导演: 梅尔·吉布森 Mel Gibson,动作 传记 剧情 历史 战争,8.9,[不可播放],111,564008人评价,1995,主演: 梅尔·吉布森 Mel Gibson / 苏菲·玛...,勇敢的心
美国,https://img2.doubanio.com/view/photo/s_ratio_poster/public/p2896589512.jpg,导演: 唐·霍尔 Don Hall / 克里斯·威廉姆斯 Chris Williams,喜剧 动作 科幻 动画 冒险,8.7,[不可播放],112,1030252人评价,2014,主演: 斯科特...,超能陆战队
中国香港,https://img9.doubanio.com/view/photo/s_ratio_poster/public/p2223011274.jpg,导演: 陈可辛 Peter Chan,剧情 爱情,8.9,[不可播放],113,566357人评价,1996,主演: 黎明 Leon Lai / 张曼玉 Maggie Cheung / ...,甜蜜蜜
日本,https://img9.doubanio.com/view/photo/s_ratio_poster/public/p1613191025.jpg,导演: 宫崎骏 Hayao Miyazaki,动画 奇幻 冒险,8.9,[不可播放],114,531664人评价,1997,主演: 松田洋治 Yôji Matsuda / 石田百合...,幽灵公主
美国 法国,https://img1.doubanio.com/view/photo/s_ratio_poster/public/p2561542458.jpg,导演: 理查德·林克莱特 Richard Linklater,剧情 爱情,8.9,[不可播放],115,572024人评价,2004,主演: 伊桑·霍克 Ethan Hawke ...,爱在日落黄昏时
日本,https://img9.doubanio.com/view/photo/s_ratio_poster/public/p2620392435.jpg,导演: 北野武 Takeshi Kitano,剧情 喜剧,8.9,[不可播放],116,604933人评价,1999,主演: 北野武 Takeshi Kitano / 关口雄介 Yus...,菊次郎的夏天
日本,https://img9.doubanio.com/view/photo/s_ratio_poster/public/p617533616.jpg,导演: 米林宏昌 Hiromasa Yonebayashi,动画 奇幻 冒险,8.9,[不可播放],117,562359人评价,2010,主演: 志田未来 Mirai Shida / 神木...,借东西的小人阿莉埃蒂
美国,https://img9.doubanio.com/view/photo/s_ratio_poster/public/p2221768894.jpg,导演: 大卫·芬奇 David Fincher,剧情 犯罪 悬疑 惊悚,8.7,[不可播放],118,969751人评价,2014,主演: 本·阿弗莱克 Ben Affleck / 罗莎蒙...,消失的爱人
韩国,https://img1.doubanio.com/view/photo/s_ratio_poster/public/p2561439800.jpg,导演: 奉俊昊 Joon-ho Bong,剧情,8.8,[不可播放],119,1389985人评价,2019,主演: 宋康昊 Kang-ho Song / 李善均 Seon-gyun...,寄生虫
中国大陆 中国香港,https://img9.doubanio.com/view/photo/s_ratio_poster/public/p2564685215.jpg,导演: 姜文 Wen Jiang,剧情 爱情,8.8,[不可播放],120,622770人评价,1994,主演: 夏雨 Yu Xia / 宁静 Jing Ning / 陶虹 Hong Tao,阳光灿烂的日子
法国 德国,https://img2.doubanio.com/view/photo/s_ratio_poster/public/p2447590313.jpg,导演: 让-皮埃尔·热内 Jean-Pierre Jeunet,剧情 喜剧 爱情,8.7,[不可播放],121,962155人评价,2001,主演: 奥黛丽·塔图 Audrey Tau...,天使爱美丽
美国,https://img1.doubanio.com/view/photo/s_ratio_poster/public/p2190556408.jpg,导演: 克林特·伊斯特伍德 Clint Eastwood,剧情 犯罪,9.1,[不可播放],122,320243人评价,1993,主演: 凯文·科斯特纳 Kevin Cos...,完美的世界
日本,https://img2.doubanio.com/view/photo/s_ratio_poster/public/p2564498893.jpg,导演: 森淳一 Junichi Mori,剧情,9.0,[不可播放],123,431427人评价,2014,主演: 桥本爱 Ai Hashimoto / 三浦贵大 Takahir...,小森林 夏秋篇
中国香港,https://img9.doubanio.com/view/photo/s_ratio_poster/public/p2414157745.jpg,导演: 程小东 Siu-Tung Ching,爱情 奇幻 武侠 古装,8.8,[不可播放],124,748014人评价,1987,主演: 张国荣 Leslie Cheung / 王祖贤 Joey W...,倩女幽魂
日本,https://img2.doubanio.com/view/photo/s_ratio_poster/public/p661160053.jpg,导演: 是枝裕和 Hirokazu Koreeda,剧情,9.1,[不可播放],125,324279人评价,2004,主演: 柳乐优弥 Yûya Yagira / 北浦爱...,无人知晓
英国,https://img9.doubanio.com/view/photo/s_ratio_poster/public/p2070153774.jpg,导演: 理查德·柯蒂斯 Richard Curtis,喜剧 爱情 奇幻,8.8,[不可播放],126,686825人评价,2013,主演: 多姆纳尔·格里森 Domhnall Gl...,时空恋旅人
日本,https://img2.doubanio.com/view/photo/s_ratio_poster/public/p456692072.jpg,导演: 近藤喜文 Yoshifumi Kondo,剧情 爱情 动画,8.9,[不可播放],127,469780人评价,1995,主演: 本名阳子 Youko Honna / 小林桂树 K...,侧耳倾听
日本,https://img2.doubanio.com/view/photo/s_ratio_poster/public/p1351050722.jpg,导演: 今敏 Satoshi Kon,动画 奇幻 惊悚,9.1,[不可播放],128,344516人评价,1997,主演: 岩男润子 Junko Iwao / 松本梨香 Rica Matsu...,未麻的部屋
美国,https://img1.doubanio.com/view/photo/s_ratio_poster/public/p854757687.jpg,导演: 史蒂文·斯皮尔伯格 Steven Spielberg,喜剧 剧情 爱情,8.8,[不可播放],129,580044人评价,2004,主演: 汤姆·汉克斯 Tom Hanks...,幸福终点站
美国,https://img9.doubanio.com/view/photo/s_ratio_poster/public/p2210954024.jpg,导演: 迪恩·德布洛斯 Dean DeBlois / 克里斯·桑德斯 Chris Sanders,动画 奇幻 冒险,8.8,[不可播放],130,766736人评价,2010,主演:...,驯龙高手
英国 美国,https://img9.doubanio.com/view/photo/s_ratio_poster/public/p735391084.jpg,导演: 迈克·内威尔 Mike Newell,悬疑 奇幻 冒险,8.8,[不可播放],131,675389人评价,2005,主演: 丹尼尔·雷德克里夫 Daniel Radclif...,哈利·波特与火焰杯
日本,https://img1.doubanio.com/view/photo/s_ratio_poster/public/p2215147728.jpg,导演: 森淳一 Junichi Mori,剧情,9.0,[不可播放],132,384026人评价,2015,主演: 桥本爱 Ai Hashimoto / 三浦贵大 Takahir...,小森林 冬春篇
瑞典,https://img2.doubanio.com/view/photo/s_ratio_poster/public/p2406624993.jpg,导演: 汉内斯·赫尔姆 Hannes Holm,剧情,8.9,[不可播放],133,492796人评价,2015,主演: 罗夫·拉斯加德 Rolf Lassgård...,一个叫欧维的男人决定去死
美国,https://img2.doubanio.com/view/photo/s_ratio_poster/public/p2169664351.jpg,导演: 弗朗西斯·福特·科波拉 Francis Ford Coppola,剧情 犯罪,9.0,[不可播放],134,380914人评价,1990,主演: 阿尔·帕西诺 A...,教父3
美国,https://img1.doubanio.com/view/photo/s_ratio_poster/public/p2896590108.jpg,导演: 彼特·道格特 Pete Docter / 大卫·斯沃曼 David Silverman,儿童 喜剧 动画 奇幻 冒险,8.8,[不可播放],135,684357人评价,2001,主演: 约...,怪兽电力公司
法国 英国 美国,https://img1.doubanio.com/view/photo/s_ratio_poster/public/p2016401659.jpg,导演: 乔·怀特 Joe Wright,剧情 爱情,8.7,[不可播放],136,814760人评价,2005,主演: 凯拉·奈特莉 Keira Knightley / 马修·...,傲慢与偏见
美国,https://img2.doubanio.com/view/photo/s_ratio_poster/public/p2896589481.jpg,导演: 李·昂克里奇 Lee Unkrich,喜剧 动画 奇幻 冒险,8.9,[不可播放],137,526717人评价,2010,主演: 汤姆·汉克斯 Tom Hanks / 蒂姆·艾...,玩具总动员3
日本,https://img2.doubanio.com/view/photo/s_ratio_poster/public/p1675053073.jpg,导演: 大森贵弘 Takahiro Omori,剧情 爱情 动画 奇幻,8.9,[不可播放],138,548262人评价,2011,主演: 佐仓绫音 Ayane Sakura / 内山昂辉 K...,萤火之森
韩国,https://img1.doubanio.com/view/photo/s_ratio_poster/public/p1903379979.jpg,导演: 朴勋政 Hoon-jung Park,剧情 犯罪,8.9,[不可播放],139,446637人评价,2013,主演: 李政宰 Jung-Jae Lee / 崔岷植 Min-sik...,新世界
韩国,https://img1.doubanio.com/view/photo/s_ratio_poster/public/p2360940399.jpg,导演: 延尚昊 Sang-ho Yeon,动作 惊悚 灾难,8.6,[不可播放],140,1216538人评价,2016,主演: 孔侑 Yoo Gong / 郑有美 Yu-mi Jung / 马...,釜山行
美国,https://img1.doubanio.com/view/photo/s_ratio_poster/public/p1800813767.jpg,导演: 昆汀·塔伦蒂诺 Quentin Tarantino,剧情 动作 西部 冒险,8.8,[不可播放],141,618226人评价,2012,主演: 杰米·福克斯 Jamie Foxx /...,被解救的姜戈
美国 法国,https://img1.doubanio.com/view/photo/s_ratio_poster/public/p792776858.jpg,导演: 皮艾尔·柯芬 Pierre Coffin / 克里斯·雷纳德 Chris Renaud,喜剧 动画 冒险,8.7,[不可播放],142,959464人评价,2010,主演: ...,神偷奶爸
中国大陆,https://img9.doubanio.com/view/photo/s_ratio_poster/public/p2528965424.jpg,导演: 谢添 Tian Xie,剧情 历史,9.6,[不可播放],143,153232人评价,1982(中国大陆),主演: 于是之 Shizhi Yu / 郑榕 Rong Zhen / 蓝天野 T...,茶馆
日本,https://img9.doubanio.com/view/photo/s_ratio_poster/public/p689520756.jpg,导演: 中岛哲也 Tetsuya Nakashima,剧情 悬疑,8.8,[不可播放],144,679342人评价,2010,主演: 松隆子 Takako Matsu / 冈田将生 ...,告白
澳大利亚 美国,https://img9.doubanio.com/view/photo/s_ratio_poster/public/p488255145.jpg,导演: 亚当·艾略特 Adam Elliot,剧情 喜剧 动画,9.0,[不可播放],145,425388人评价,2009,主演: 托妮·科莱特 Toni Collette / 菲利...,玛丽和马克思
中国大陆,https://img9.doubanio.com/view/photo/s_ratio_poster/public/p2532803206.jpg,导演: 王树忱 Shuchen Wang / 严定宪 Dingxian Yan,冒险 动画 奇幻,9.2,[不可播放],146,264198人评价,1979,主演: 梁正晖 Zhenghui ...,哪吒闹海
美国,https://img9.doubanio.com/view/photo/s_ratio_poster/public/p692813374.jpg,导演: 蒂姆·波顿 Tim Burton,剧情 家庭 奇幻 冒险,8.8,[不可播放],147,575036人评价,2003,主演: 伊万·麦克格雷格 Ewan McGregor / 阿...,大鱼
中国香港 中国大陆,https://img1.doubanio.com/view/photo/s_ratio_poster/public/p648370300.jpg,导演: 王晶 Jing Wong,剧情 喜剧 古装,8.7,[不可播放],148,693299人评价,1994,主演: 周星驰 Stephen Chow / 吴孟达 Man Tat Ng / ...,九品芝麻官
中国台湾 中国大陆 美国 中国香港,https://img9.doubanio.com/view/photo/s_ratio_poster/public/p453716305.jpg,导演: 李安 Ang Lee,剧情 爱情 情色,8.7,[不可播放],149,826340人评价,2007,主演: 梁朝伟 Tony Leung Chiu Wai / 汤唯 Wei Tang / ...,色，戒
中国台湾 美国,https://img1.doubanio.com/view/photo/s_ratio_poster/public/p2249048907.jpg,导演: 李安 Ang Lee,剧情 喜剧 爱情 同性 家庭,9.0,[不可播放],150,370141人评价,1993,主演: 赵文瑄 Winston Chao / 归亚蕾 Ya-lei Kuei / 郎...,喜宴
英国 美国,https://img2.doubanio.com/view/photo/s_ratio_poster/public/p2255040492.jpg,导演: 莫滕·泰杜姆 Morten Tyldum,剧情 传记 战争 同性,8.8,[不可播放],151,656922人评价,2014,主演: 本尼迪克特·康伯巴奇 Benedict C...,模仿游戏
美国,https://img1.doubanio.com/view/photo/s_ratio_poster/public/p2516578307.jpg,导演: 史蒂文·斯皮尔伯格 Steven Spielberg,动作 科幻 冒险,8.7,[不可播放],152,1385754人评价,2018,主演: 泰伊·谢里丹 Tye Sheri...,头号玩家
中国香港,https://img2.doubanio.com/view/photo/s_ratio_poster/public/p2609063922.jpg,导演: 刘镇伟 Jeffrey Lau,喜剧 奇幻 武侠 古装,8.7,[不可播放],153,646561人评价,1993,主演: 梁朝伟 Tony Leung Chiu Wai / 林青霞 Bri...,射雕英雄传之东成西就
中国香港,https://img9.doubanio.com/view/photo/s_ratio_poster/public/p1910828286.jpg,导演: 王家卫 Kar Wai Wong,剧情 爱情,8.8,[不可播放],154,618999人评价,2000,主演: 梁朝伟 Tony Leung Chiu Wai / 张曼玉 Ma...,花样年华
美国,https://img9.doubanio.com/view/photo/s_ratio_poster/public/p652417775.jpg,导演: 杰茜·尼尔森 Jessie Nelson,剧情 家庭,9.0,[不可播放],155,342937人评价,2001,主演: Sean Penn / Dakota Fanning / Mi...,我是山姆
韩国,https://img1.doubanio.com/view/photo/s_ratio_poster/public/p1374786017.jpg,导演: 姜炯哲 Hyeong-Cheol Kang,剧情 喜剧,8.8,[不可播放],156,595782人评价,2011,主演: 沈恩京 Eun-kyung Shim / 闵孝琳 Hy...,阳光姐妹淘
美国,https://img9.doubanio.com/view/photo/s_ratio_poster/public/p2896589345.jpg,导演: 彼特·道格特 Pete Docter / 罗纳尔多·德尔·卡门 Ronaldo Del Carmen  &nb...,喜剧 动画 冒险,8.8,[不可播放],157,625914人评价,2015,导演: 彼特·道格特 Pete Docter / 罗纳尔多·德尔·卡门 Ronaldo Del Carmen  &nb...,头脑特工队
澳大利亚 美国,https://img1.doubanio.com/view/photo/s_ratio_poster/public/p2398141939.jpg,导演: 梅尔·吉布森 Mel Gibson,剧情 传记 历史 战争,8.7,[不可播放],158,791881人评价,2016,主演: 安德鲁·加菲尔德 Andrew Garfield /...,血战钢锯岭
日本,https://img9.doubanio.com/view/photo/s_ratio_poster/public/p2215886505.jpg,导演: 黑泽明 Akira Kurosawa,动作 冒险 剧情,9.3,[不可播放],159,201704人评价,1954,主演: 三船敏郎 Toshirô Mifune / 志村乔 ...,七武士
韩国,https://img9.doubanio.com/view/photo/s_ratio_poster/public/p2016930906.jpg,导演: 金秉祐 Byeong-woo Kim,剧情 犯罪 悬疑,8.7,[不可播放],160,661069人评价,2013,主演: 河正宇 Jung-woo Ha / 李璟荣 Kyeong-y...,恐怖直播
美国,https://img9.doubanio.com/view/photo/s_ratio_poster/public/p1021883305.jpg,导演: 阿尔弗雷德·希区柯克 Alfred Hitchcock,悬疑 惊悚 恐怖,9.0,[不可播放],161,301987人评价,1960,主演: 安东尼·博金斯 Antho...,惊魂记
美国,https://img1.doubanio.com/view/photo/s_ratio_poster/public/p443461818.jpg,导演: 拉娜·沃卓斯基 Lana Wachowski / 莉莉·沃卓斯基 Lilly Wachowski,动作 科幻,8.8,[不可播放],162,452885人评价,2003,...,黑客帝国3：矩阵革命
日本,https://img1.doubanio.com/view/photo/s_ratio_poster/public/p2395733377.jpg,导演: 新海诚 Makoto Shinkai,剧情 爱情 动画,8.5,[不可播放],163,1428384人评价,2016,主演: 神木隆之介 Ryûnosuke Kamiki / 上...,你的名字。
美国,https://img9.doubanio.com/view/photo/s_ratio_poster/public/p726839485.jpg,导演: 詹姆斯·温 James Wan,悬疑 惊悚 恐怖,8.7,[不可播放],164,543455人评价,2004,主演: 雷·沃纳尔 Leigh Whannell / 加利·艾...,电锯惊魂
英国 美国,https://img9.doubanio.com/view/photo/s_ratio_poster/public/p2896590555.jpg,导演: 马丁·麦克唐纳 Martin McDonagh,剧情 犯罪,8.7,[不可播放],165,830530人评价,2017,主演: 弗兰西斯·麦克多蒙德 France...,三块广告牌
美国,https://img1.doubanio.com/view/photo/s_ratio_poster/public/p2166160837.jpg,导演: 让-马克·瓦雷 Jean-Marc Vallée,剧情 传记 同性,8.8,[不可播放],166,458665人评价,2013,主演: 马修·麦康纳 Matthew McCon...,达拉斯买家俱乐部
美国,https://img1.doubanio.com/view/photo/s_ratio_poster/public/p1867084027.jpg,导演: 科克·德·米科 Kirk De Micco / 克里斯·桑德斯 Chris Sanders,喜剧 动画 冒险,8.7,[不可播放],167,849151人评价,2013,主演...,疯狂原始人
中国大陆,https://img9.doubanio.com/view/photo/s_ratio_poster/public/p2276780256.jpg,导演: 忻钰坤 Yukun Xin,剧情 犯罪 悬疑,8.7,[不可播放],168,531148人评价,2014,主演: 霍卫民 Weimin Huo / 王笑天 Xiaotian Wang ...,心迷宫
美国 德国 法国 英国,https://img1.doubanio.com/view/photo/s_ratio_poster/public/p792223507.jpg,导演: 保罗·格林格拉斯 Paul Greengrass,动作 悬疑 惊悚,8.8,[不可播放],169,424537人评价,2007,主演: 马特·达蒙 Matt Damon / ...,谍影重重3
巴西 法国,https://img1.doubanio.com/view/photo/s_ratio_poster/public/p455677490.jpg,导演: 费尔南多·梅里尔斯 Fernando Meirelles / 卡迪亚·兰德 Kátia Lund  &nbsp...,犯罪 剧情,9.0,[不可播放],170,304794人评价,2002,导演: 费尔南多·梅里尔斯 Fernando Meirelles / 卡迪亚·兰德 Kátia Lund  &nbsp...,上帝之城
中国香港,https://img1.doubanio.com/view/photo/s_ratio_poster/public/p2504997087.jpg,导演: 吴宇森 John Woo,剧情 动作 犯罪,8.6,[不可播放],171,549363人评价,1986,主演: 周润发 Yun-Fat Chow / 狄龙 Lung Ti / 张国...,英雄本色
日本,https://img2.doubanio.com/view/photo/s_ratio_poster/public/p1917567652.jpg,导演: 宫崎骏 Hayao Miyazaki,动画 奇幻 冒险,8.9,[不可播放],172,358670人评价,1984,主演: 岛本须美 Sumi Shimamoto / 松田洋治 Y...,风之谷
中国香港,https://img1.doubanio.com/view/photo/s_ratio_poster/public/p2597918718.jpg,导演: 吴宇森 John Woo,剧情 喜剧 动作 犯罪,8.8,[不可播放],173,431921人评价,1991,主演: 周润发 Yun-Fat Chow / 张国荣 Leslie Cheung...,纵横四海
英国 南非 意大利 美国,https://img2.doubanio.com/view/photo/s_ratio_poster/public/p470419493.jpg,导演: 特瑞·乔治 Terry George,剧情 传记 历史 战争,8.9,[不可播放],174,334668人评价,2004,主演: 唐·钱德尔 Don Cheadle / 苏菲·奥...,卢旺达饭店
日本,https://img1.doubanio.com/view/photo/s_ratio_poster/public/p2603364117.jpg,导演: 是枝裕和 Hirokazu Koreeda,剧情 家庭,8.8,[不可播放],175,456167人评价,2015,主演: 绫濑遥 Haruka Ayase / 长泽雅美 M...,海街日记
美国 希腊,https://img1.doubanio.com/view/photo/s_ratio_poster/public/p2074715729.jpg,导演: 理查德·林克莱特 Richard Linklater,剧情 爱情,8.9,[不可播放],176,410565人评价,2013,主演: 伊桑·霍克 Ethan Hawke ...,爱在午夜降临前
美国,https://img2.doubanio.com/view/photo/s_ratio_poster/public/p767586451.jpg,导演: 弗兰克·德拉邦特 Frank Darabont,犯罪 剧情 奇幻 悬疑,8.9,[不可播放],177,336071人评价,1999,主演: 汤姆·汉克斯 Tom Hanks / ...,绿里奇迹
美国,https://img2.doubanio.com/view/photo/s_ratio_poster/public/p641688453.jpg,导演: 克里斯托弗·诺兰 Christopher Nolan,犯罪 剧情 悬疑 惊悚,8.7,[不可播放],178,612292人评价,2000,主演: 盖·皮尔斯 Guy Pearce /...,记忆碎片
美国 加拿大,https://img9.doubanio.com/view/photo/s_ratio_poster/public/p2567198874.jpg,导演: 托德·菲利普斯 Todd Phillips,剧情 犯罪 惊悚,8.7,[不可播放],179,1020925人评价,2019,主演: 杰昆·菲尼克斯 Joaquin Phoeni...,小丑
中国大陆 中国香港,https://img2.doubanio.com/view/photo/s_ratio_poster/public/p712241453.jpg,导演: 宁浩 Hao Ning,喜剧 犯罪,8.6,[不可播放],180,834570人评价,2006,主演: 郭涛 Tao Guo / 刘桦 Hua Liu / 连晋 Teddy Lin,疯狂的石头
中国大陆 中国香港,https://img1.doubanio.com/view/photo/s_ratio_poster/public/p2505048077.jpg,导演: 黄建新 Jianxin Huang / 杨亚洲 Yazhou Yang,剧情,9.5,[不可播放],181,138397人评价,1994,主演: 牛振华 Zhenhua N...,背靠背，脸对脸
美国,https://img9.doubanio.com/view/photo/s_ratio_poster/public/p1612355875.jpg,导演: 斯坦利·多南 Stanley Donen / 吉恩·凯利 Gene Kelly,喜剧 歌舞 爱情,9.1,[不可播放],182,230480人评价,1952,主演: 吉恩·...,雨中曲
中国香港 中国大陆,https://img2.doubanio.com/view/photo/s_ratio_poster/public/p456666151.jpg,导演: 罗启锐 Alex Law,剧情 家庭,8.7,[不可播放],183,579099人评价,2010,主演: 吴君如 Sandra Ng / 任达华 Simon Yam / 钟绍...,岁月神偷
英国 美国,https://img9.doubanio.com/view/photo/s_ratio_poster/public/p2560717825.jpg,导演: 斯坦利·库布里克 Stanley Kubrick,科幻 惊悚 冒险,8.9,[不可播放],184,337174人评价,1968,主演: 凯尔·杜拉 Keir Dullea / ...,2001太空漫游
美国,https://img1.doubanio.com/view/photo/s_ratio_poster/public/p2896589788.jpg,导演: 彼特·道格特 Pete Docter / 凯普·鲍尔斯 Kemp Powers,动画 奇幻 音乐,8.7,[不可播放],185,998429人评价,2020,主演: 杰米·...,心灵奇旅
日本,https://img9.doubanio.com/view/photo/s_ratio_poster/public/p2603716224.jpg,导演: 神山征二郎 Seijirô Kôyama,剧情,9.2,[不可播放],186,198627人评价,1987,主演: 仲代达矢 Tatsuya Nakadai /...,忠犬八公物语
阿根廷 西班牙,https://img2.doubanio.com/view/photo/s_ratio_poster/public/p2584519452.jpg,导演: 达米安·斯兹弗隆 Damián Szifron,剧情 喜剧 犯罪,8.8,[不可播放],187,449725人评价,2014,主演: 达里奥·葛兰帝内提 Darío...,荒蛮故事
中国香港,https://img1.doubanio.com/view/photo/s_ratio_poster/public/p958008320.jpg,导演: 刘伟强 / 麦兆辉,剧情 犯罪 惊悚,8.7,[不可播放],188,488184人评价,2003,主演: 陈冠希 Edison Chen / 余文乐 Shawn Yue / 曾...,无间道2
日本,https://img9.doubanio.com/view/photo/s_ratio_poster/public/p2530599636.jpg,导演: 是枝裕和 Hirokazu Koreeda,剧情 犯罪 家庭,8.7,[不可播放],189,820961人评价,2018,主演: 中川雅也 Lily Franky / 安藤樱 Sa...,小偷家族
美国,https://img1.doubanio.com/view/photo/s_ratio_poster/public/p2896589589.jpg,导演: 瑞奇·莫尔 Rich Moore,喜剧 动画 奇幻 冒险,8.7,[不可播放],190,548365人评价,2012,主演: 约翰·C·赖利 John C. Reilly / 萨拉...,无敌破坏王
美国,https://img2.doubanio.com/view/photo/s_ratio_poster/public/p2220776342.jpg,导演: 达米恩·查泽雷 Damien Chazelle,剧情 音乐,8.7,[不可播放],191,596936人评价,2014,主演: 迈尔斯·特勒 Miles Teller /...,爆裂鼓手
美国,https://img1.doubanio.com/view/photo/s_ratio_poster/public/p2896589259.jpg,导演: 卡洛斯·沙尔丹哈 Carlos Saldanha / 克里斯·韦奇 Chris Wedge,喜剧 动画 冒险,8.6,[不可播放],192,623996人评价,2002,主演...,冰川时代
英国 澳大利亚,https://img9.doubanio.com/view/photo/s_ratio_poster/public/p462470694.jpg,导演: 克里斯托弗·史密斯 Christopher Smith,剧情 悬疑 惊悚,8.5,[不可播放],193,878243人评价,2009,主演: 梅利莎·乔治 Melissa ...,恐怖游轮
英国,https://img1.doubanio.com/view/photo/s_ratio_poster/public/p2434249040.jpg,导演: 丹尼·鲍尔 Danny Boyle / 洛芙琳·坦丹 Loveleen Tandan,剧情 爱情,8.6,[不可播放],194,753216人评价,2008,主演: 戴夫...,贫民窟的百万富翁
中国台湾,https://img9.doubanio.com/view/photo/s_ratio_poster/public/p848381236.jpg,导演: 杨德昌 Edward Yang,剧情 犯罪,8.9,[不可播放],195,307181人评价,1991,主演: 张震 Chen Chang / 杨静怡 Lisa Yang / 张...,牯岭街少年杀人事件
中国香港 中国台湾,https://img2.doubanio.com/view/photo/s_ratio_poster/public/p1982176012.jpg,导演: 王家卫 Kar Wai Wong,剧情 动作 爱情 武侠 古装,8.6,[不可播放],196,583480人评价,1994,主演: 张国荣 Leslie Cheung / 林青霞 Brigitte...,东邪西毒
日本,https://img2.doubanio.com/view/photo/s_ratio_poster/public/p456676352.jpg,导演: 宫崎骏 Hayao Miyazaki,动画 奇幻 冒险,8.7,[不可播放],197,466580人评价,1989,主演: 高山南 Minami Takayama / 佐久间玲 Re...,魔女宅急便
美国,https://img2.doubanio.com/view/photo/s_ratio_poster/public/p2676812053.jpg,导演: 罗伯·莱纳 Rob Reiner,冒险 喜剧 剧情,8.7,[不可播放],198,470390人评价,2007,主演: 杰克·尼科尔森 Jack Nicholson / 摩根...,遗愿清单
日本,https://img1.doubanio.com/view/photo/s_ratio_poster/public/p456703618.jpg,导演: 今敏 Satoshi Kon,剧情 喜剧 动画,9.0,[不可播放],199,236212人评价,2003,主演: 江守彻 Toru Emori / 梅垣义明 Yoshiaki Ume...,东京教父
中国台湾,https://img2.doubanio.com/view/photo/s_ratio_poster/public/p2505928032.jpg,导演: 黄信尧 Hsin-yao Huang,剧情 喜剧,8.7,[不可播放],200,468451人评价,2017,主演: 庄益增 Yizeng Zhuang / 陈竹昇 Chu-sh...,大佛普拉斯
日本,https://img2.doubanio.com/view/photo/s_ratio_poster/public/p709670262.jpg,导演: 藤森雅也 Masaya Fujimori,剧情 动画 儿童,8.9,[不可播放],201,337719人评价,2010,主演: 山口胜平 Kappei Yamaguchi / 爱河...,你看起来好像很好吃
英国 美国 法国,https://img1.doubanio.com/view/photo/s_ratio_poster/public/p475600770.jpg,导演: 理查德·柯蒂斯 Richard Curtis,喜剧 剧情 爱情,8.6,[不可播放],202,738819人评价,2003,主演: 休·格兰特 Hugh Grant / 连姆...,真爱至上
美国,https://img1.doubanio.com/view/photo/s_ratio_poster/public/p2896603000.jpg,导演: 达伦·阿罗诺夫斯基 Darren Aronofsky,剧情 惊悚,8.6,[不可播放],203,787617人评价,2010,主演: 娜塔莉·波特曼 Natalie...,黑天鹅
中国大陆 中国香港,https://img9.doubanio.com/view/photo/s_ratio_poster/public/p2363208684.jpg,导演: 陆川 Chuan Lu,剧情 犯罪,8.9,[不可播放],204,307955人评价,2004,主演: 多布杰 Duobujie / 张磊 Lei Zhang / 亓亮 Qi L...,可可西里
美国,https://img1.doubanio.com/view/photo/s_ratio_poster/public/p2170238828.jpg,导演: Charles Chaplin,喜剧 剧情 爱情,9.3,[不可播放],205,149677人评价,1931,主演: 查理·卓别林 Charles Chaplin / 弗吉尼亚·...,城市之光
美国 加拿大,https://img9.doubanio.com/view/photo/s_ratio_poster/public/p988260245.jpg,导演: 邓肯·琼斯 Duncan Jones,科幻 悬疑 惊悚,8.5,[不可播放],206,845268人评价,2011,主演: 杰克·吉伦哈尔 Jake Gyllenhaal / ...,源代码
美国,https://img9.doubanio.com/view/photo/s_ratio_poster/public/p2421855655.jpg,导演: 肯尼斯·罗纳根 Kenneth Lonergan,剧情 家庭,8.6,[不可播放],207,553684人评价,2016,主演: 卡西·阿弗莱克 Casey Affle...,海边的曼彻斯特
美国,https://img2.doubanio.com/view/photo/s_ratio_poster/public/p2353324612.jpg,导演: 巴瑞·莱文森 Barry Levinson,剧情,8.7,[不可播放],208,408847人评价,1988,主演: 达斯汀·霍夫曼 Dustin Hoffman ...,雨人
英国 美国,https://img2.doubanio.com/view/photo/s_ratio_poster/public/p2549558913.jpg,导演: 布莱恩·辛格 Bryan Singer,剧情 传记 同性 音乐,8.6,[不可播放],209,614733人评价,2018,主演: 拉米·马雷克 Rami Malek / 本·哈...,波西米亚狂想曲
泰国,https://img2.doubanio.com/view/photo/s_ratio_poster/public/p1505312273.jpg,导演: 普特鹏·普罗萨卡·那·萨克那卡林 Puttipong Promsaka Na Sakolnakorn / 华森·波克彭...,剧情 喜剧 爱情,8.5,[不可播放],210,988348人评价,2010,导演: 普特鹏·普罗萨卡·那·萨克那卡林 Puttipong Promsaka Na Sakolnakorn / 华森·波克彭...,初恋这件小事
美国,https://img9.doubanio.com/view/photo/s_ratio_poster/public/p483604864.jpg,导演: 尼克·卡索维茨 Nick Cassavetes,剧情 爱情,8.5,[不可播放],211,680296人评价,2004,主演: 瑞恩·高斯林 Ryan Gosling /...,恋恋笔记本
美国 英国,https://img1.doubanio.com/view/photo/s_ratio_poster/public/p792257137.jpg,导演: 史蒂文·斯皮尔伯格 Steven Spielberg,剧情 科幻,8.7,[不可播放],212,453162人评价,2001,主演: 海利·乔·奥斯蒙 Haley...,人工智能
中国香港 中国大陆,https://img2.doubanio.com/view/photo/s_ratio_poster/public/p2570901292.jpg,导演: 徐克 Hark Tsui,剧情 爱情 奇幻 古装,8.6,[不可播放],213,534668人评价,1993,主演: 张曼玉 Maggie Cheung / 王祖贤 Joey Wang / ...,青蛇
法国 英国,https://img2.doubanio.com/view/photo/s_ratio_poster/public/p2399597512.jpg,导演: 杰拉尔·乌里 Gérard Oury,喜剧 战争,8.9,[不可播放],214,261479人评价,1966,主演: 路易·德·菲耐斯 Louis de Funès...,虎口脱险
美国 英国 法国,https://img9.doubanio.com/view/photo/s_ratio_poster/public/p1910924635.jpg,导演: 雷德利·斯科特 Ridley Scott,犯罪 剧情 惊悚,8.9,[不可播放],215,264509人评价,1991,主演: 吉娜·戴维斯 Geena Davis / 苏...,末路狂花
美国 法国,https://img9.doubanio.com/view/photo/s_ratio_poster/public/p1910909085.jpg,导演: 詹姆斯·卡梅隆 James Cameron,动作 科幻,8.8,[不可播放],216,346351人评价,1991,主演: 阿诺·施瓦辛格 Arnold Schwarz...,终结者2：审判日
澳大利亚 美国,https://img2.doubanio.com/view/photo/s_ratio_poster/public/p2236181653.jpg,导演: 乔治·米勒 George Miller,动作 科幻 冒险,8.7,[不可播放],217,538093人评价,2015,主演: 汤姆·哈迪 Tom Hardy / 查理兹·塞...,疯狂的麦克斯4：狂暴之路
日本,https://img2.doubanio.com/view/photo/s_ratio_poster/public/p1598883511.jpg,导演: 黑泽明 Akira Kurosawa,剧情 犯罪 悬疑,8.8,[不可播放],218,319664人评价,1950,主演: 三船敏郎 Toshirô Mifune / 京町子 ...,罗生门
中国香港 中国大陆,https://img1.doubanio.com/view/photo/s_ratio_poster/public/p1421018669.jpg,导演: 李惠民 Raymond Lee,动作 爱情 武侠 古装,8.7,[不可播放],219,451228人评价,1992,主演: 张曼玉 Maggie Cheung / 林青霞 Brigitte ...,新龙门客栈
德国 美国,https://img2.doubanio.com/view/photo/s_ratio_poster/public/p1086394013.jpg,导演: 昆汀·塔伦蒂诺 Quentin Tarantino,剧情 犯罪,8.7,[不可播放],220,486478人评价,2009,主演: 布拉德·皮特 Brad Pitt / ...,无耻混蛋
美国,https://img9.doubanio.com/view/photo/s_ratio_poster/public/p2195672555.jpg,导演: 安德鲁·尼科尔 Andrew Niccol,剧情 科幻 惊悚,8.8,[不可播放],221,304996人评价,1997,主演: 伊桑·霍克 Ethan Hawke / 乌玛...,千钧一发
日本,https://img1.doubanio.com/view/photo/s_ratio_poster/public/p2627847859.jpg,导演: 宫崎骏 Hayao Miyazaki,动画 奇幻 冒险,8.6,[不可播放],222,506373人评价,2008,主演: 奈良柚莉爱 Yuria Nara / 土井洋辉 Hir...,崖上的波妞
日本,https://img1.doubanio.com/view/photo/s_ratio_poster/public/p2237136718.jpg,导演: 高畑勋 Isao Takahata,动画 剧情 战争,8.7,[不可播放],223,408511人评价,1988,主演: 辰己努 / 白石绫乃 / 志乃原良子,萤火虫之墓
中国大陆,https://img9.doubanio.com/view/photo/s_ratio_poster/public/p2174804034.jpg,导演: 谢晋 Jin Xie,剧情 爱情,9.3,[不可播放],224,144445人评价,1987,主演: 刘晓庆 Xiaoqing Liu / 姜文 Wen Jiang / 郑在石...,芙蓉镇
日本,https://img2.doubanio.com/view/photo/s_ratio_poster/public/p2868462052.jpg,导演: 土井裕泰 Nobuhiro Doi,剧情 爱情,8.6,[不可播放],225,642037人评价,2021,主演: 菅田将晖 Masaki Suda / 有村架纯 Kasu...,花束般的恋爱
美国 英国,https://img9.doubanio.com/view/photo/s_ratio_poster/public/p2187896734.jpg,导演: 詹姆斯·沃德·布柯特 James Ward Byrkit,科幻 悬疑 惊悚,8.6,[不可播放],226,591491人评价,2013,主演: 艾米丽·芭尔多尼 Em...,彗星来的那一夜
美国 中国香港,https://img1.doubanio.com/view/photo/s_ratio_poster/public/p2507709428.jpg,导演: 斯蒂芬·卓博斯基 Stephen Chbosky,剧情 儿童 家庭,8.6,[不可播放],227,557140人评价,2017,主演: 雅各布·特伦布莱 Jacob Tr...,奇迹男孩
美国,https://img9.doubanio.com/view/photo/s_ratio_poster/public/p2395517414.jpg,导演: 达米恩·查泽雷 Damien Chazelle,剧情 爱情 歌舞,8.4,[不可播放],228,913933人评价,2016,主演: 瑞恩·高斯林 Ryan Gosling /...,爱乐之城
美国,https://img1.doubanio.com/view/photo/s_ratio_poster/public/p443461390.jpg,导演: 拉娜·沃卓斯基 Lana Wachowski / 莉莉·沃卓斯基 Lilly Wachowski,动作 科幻,8.7,[不可播放],229,411808人评价,2003,...,黑客帝国2：重装上阵
中国大陆,https://img1.doubanio.com/view/photo/s_ratio_poster/public/p2457609817.jpg,导演: 郭柯 Ke Guo,纪录片,8.7,[不可播放],230,294391人评价,2015,主演:,二十二
英国 美国,https://img9.doubanio.com/view/photo/s_ratio_poster/public/p721429854.jpg,导演: 大卫·叶茨 David Yates,奇幻 冒险,8.5,[不可播放],231,588084人评价,2010,主演: 丹尼尔·雷德克里夫 Daniel Radcliffe...,哈利·波特与死亡圣器(上)
美国 德国 英国,https://img2.doubanio.com/view/photo/s_ratio_poster/public/p1244017073.jpg,导演: 爱德华·兹威克 Edward Zwick,剧情 惊悚 冒险,8.7,[不可播放],232,385226人评价,2006,主演: 莱昂纳多·迪卡普里奥 Leonardo ...,血钻
美国 德国,https://img2.doubanio.com/view/photo/s_ratio_poster/public/p792282381.jpg,导演: 安德鲁·尼科尔 Andrew Niccol,剧情 犯罪,8.7,[不可播放],233,374124人评价,2005,主演: 尼古拉斯·凯奇 Nicolas Cage /...,战争之王
日本,https://img1.doubanio.com/view/photo/s_ratio_poster/public/p2375245718.jpg,导演: 是枝裕和 Hirokazu Koreeda,剧情 家庭,8.8,[不可播放],234,283602人评价,2008,主演: 阿部宽 Hiroshi Abe / 夏川结衣 Yu...,步履不停
英国 美国 匈牙利 约旦,https://img1.doubanio.com/view/photo/s_ratio_poster/public/p2896589468.jpg,导演: 雷德利·斯科特 Ridley Scott,剧情 科幻 冒险,8.5,[不可播放],235,740759人评价,2015,主演: 马特·达蒙 Matt Damon / 杰西卡...,火星救援
爱尔兰 加拿大 英国 美国,https://img9.doubanio.com/view/photo/s_ratio_poster/public/p2259715855.jpg,导演: 伦尼·阿伯拉罕森 Lenny Abrahamson,剧情 家庭,8.8,[不可播放],236,371555人评价,2015,主演: 布丽·拉尔森 Brie Larson...,房间
美国,https://img1.doubanio.com/view/photo/s_ratio_poster/public/p2351134499.jpg,导演: 茂文·勒鲁瓦 Mervyn LeRoy,剧情 爱情 战争,8.8,[不可播放],237,282607人评价,1940,主演: 费雯·丽 Vivien Leigh / 罗伯特·...,魂断蓝桥
日本,https://img9.doubanio.com/view/photo/s_ratio_poster/public/p2215102596.jpg,导演: 今敏 Satoshi Kon,动画 剧情 爱情,8.8,[不可播放],238,273503人评价,2001,主演: 庄司美代子 Miyoko Shôji / 小山茉美 Mam...,千年女优
美国 德国,https://img9.doubanio.com/view/photo/s_ratio_poster/public/p667644866.jpg,导演: 保罗·格林格拉斯 Paul Greengrass,动作 悬疑 惊悚,8.7,[不可播放],239,358226人评价,2004,主演: 马特·达蒙 Matt Damon / ...,谍影重重2
美国 英国,https://img2.doubanio.com/view/photo/s_ratio_poster/public/p2160195181.jpg,导演: 本·斯蒂勒 Ben Stiller,剧情 喜剧 冒险,8.6,[不可播放],240,496225人评价,2013,主演: 本·斯蒂勒 Ben Stiller / 克里斯汀·...,白日梦想家
英国 美国,https://img1.doubanio.com/view/photo/s_ratio_poster/public/p443403700.jpg,导演: 大卫·叶茨 David Yates,奇幻 冒险,8.5,[不可播放],241,582370人评价,2007,主演: 丹尼尔·雷德克里夫 Daniel Radcliffe...,哈利·波特与凤凰社
美国,https://img2.doubanio.com/view/photo/s_ratio_poster/public/p2577248102.jpg,导演: 约翰·李·汉考克 John Lee Hancock,剧情 家庭 传记 运动,8.7,[不可播放],242,314895人评价,2009,主演: 桑德拉·布洛克 Sandra Bu...,弱点
美国,https://img2.doubanio.com/view/photo/s_ratio_poster/public/p2543465022.jpg,导演: 鲍勃·佩尔西凯蒂 Bob Persichetti / 彼得·拉姆齐 Peter Ramsey,动作 科幻 动画 冒险,8.6,[不可播放],243,677158人评价,2018,主...,蜘蛛侠：平行宇宙
美国 德国 捷克,https://img2.doubanio.com/view/photo/s_ratio_poster/public/p1597183981.jpg,导演: 道格·里曼 Doug Liman,动作 悬疑 惊悚,8.6,[不可播放],244,434267人评价,2002,主演: 马特·达蒙 Matt Damon / 弗兰卡·波坦...,谍影重重
中国香港,https://img2.doubanio.com/view/photo/s_ratio_poster/public/p2525770523.jpg,导演: 王家卫 Kar Wai Wong,犯罪 剧情 爱情,8.5,[不可播放],245,517741人评价,1990,主演: 张国荣 Leslie Cheung / 张曼玉 Maggie C...,阿飞正传
美国 德国,https://img1.doubanio.com/view/photo/s_ratio_poster/public/p1140984198.jpg,导演: 史蒂芬·戴德利 Stephen Daldry,剧情 爱情,8.6,[不可播放],246,457880人评价,2008,主演: 凯特·温丝莱特 Kate Winslet ...,朗读者
美国,https://img9.doubanio.com/view/photo/s_ratio_poster/public/p2797313535.jpg,导演: 爱德华·兹威克 Edward Zwick,剧情 爱情 战争 西部,8.7,[不可播放],247,290703人评价,1994,主演: 布拉德·皮特 Brad Pitt / 安东...,燃情岁月
美国,https://img2.doubanio.com/view/photo/s_ratio_poster/public/p2250287733.jpg,导演: 约翰·卡尼 John Carney,喜剧 爱情 音乐,8.6,[不可播放],248,432536人评价,2013,主演: 凯拉·奈特莉 Keira Knightley / 马克...,再次出发之纽约遇见你
中国大陆,https://img1.doubanio.com/view/photo/s_ratio_poster/public/p2319879389.jpg,导演: 谢晋 Jin Xie,剧情 战争,9.5,[不可播放],249,90118人评价,1984(中国大陆) / 1985,主演: 吕晓禾 Xiaohe Lü / 唐国强 Guoqiang Tang / 何...,高山下的花环
德国 法国 西班牙 美国 比利时,https://img2.doubanio.com/view/photo/s_ratio_poster/public/p2571500223.jpg,导演: 汤姆·提克威 Tom Tykwer,剧情 犯罪 奇幻,8.5,[不可播放],250,550076人评价,2006,主演: 本·卫肖 Ben Whishaw / 艾伦·瑞克...,香水
